Date,Action/State,price
"2024-04-29, "
"2020-01-28, Close, 1326.53"
"2020-01-29, Close, 1333.83"
"2020-01-30, Close, 1301.29"
"2020-01-31, Close, 1272.36"
"2020-02-03, Close, 1248.79"
"2020-02-04, Close, 1285.65"
"2020-02-05, Close, 1305.57"
"2020-02-06, Close, 1313.96"
"2020-02-07, Close, 1292.19"
"2020-02-10, Close, 1293.95"
"2020-02-11, Close, 1309.40"
"2020-02-12, Close, 1325.22"
"2020-02-13, Close, 1328.69"
"2020-02-14, Close, 1340.82"
"2020-02-17, Close, 1332.39"
"2020-02-18, Close, 1322.61"
"2020-02-19, Close, 1355.42"
"2020-02-20, Close, 1339.33"
"2020-02-24, Close, 1302.37"
"2020-02-25, Close, 1276.64"
"2020-02-26, Close, 1254.65"
"2020-02-27, Close, 1249.47"
"2020-02-28, Close, 1197.55"
"2020-03-02, Close, 1186.28"
"2020-03-03, Close, 1210.35"
"2020-03-04, Close, 1207.51"
"2020-03-05, Close, 1181.78"
"2020-03-06, Close, 1145.59"
"2020-03-09, Close, 1004.21"
"2020-03-11, Close, 1039.73"
"2020-03-12, Close, 958.11"
"2020-03-13, Close, 996.24"
"2020-03-16, Close, 915.48"
"2020-03-17, Close, 908.54"
"2020-03-18, Close, 872.94"
"2020-03-19, Close, 827.15"
"2020-03-20, Close, 917.51"
"2020-03-23, Close, 796.82"
"2020-03-24, Close, 850.31"
"2020-03-25, Close, 975.46"
"2020-03-26, Close, 961.00"
"2020-03-27, Close, 960.46"
"2020-03-30, Close, 928.77"
"2020-03-31, Close, 1003.85"
"2020-04-01, Close, 973.84"
"2020-04-03, Close, 971.14"
"2020-04-07, Close, 1087.09"
"2020-04-08, Close, 1074.52"
"2020-04-09, Close, 1099.58"
"2020-04-13, Close, 1071.81"
"2020-04-15, Close, 1036.39"
"2020-04-16, Close, 1052.80"
"2020-04-17, Close, 1103.23"
"2020-04-20, Close, 1121.07"
"2020-04-21, Close, 1115.26"
"2020-04-22, Close, 1229.05"
"2020-04-23, Close, 1235.63"
"2020-04-24, Close, 1277.18"
"2020-04-27, Close, 1288.67"
"2020-04-28, Close, 1287.23"
"2020-04-29, Close, 1286.15"
"2020-04-30, Close, 1321.35"
"2020-05-04, Close, 1293.59"
"2020-05-05, Close, 1316.53"
"2020-05-06, Close, 1316.62"
"2020-05-07, Close, 1358.26"
"2020-05-08, Close, 1407.69"
"2020-05-11, Close, 1421.21"
"2020-05-12, Close, 1333.29"
"2020-05-13, Close, 1361.58"
"2020-05-14, Close, 1306.53"
"2020-05-15, Close, 1327.87"
"2020-05-18, Close, 1310.90"
"2020-05-19, Close, 1281.92"
"2020-05-20, Close, 1304.48"
"2020-05-21, Close, 1311.35"
"2020-05-22, Close, 1302.53"
"2020-05-26, Close, 1295.70"
"2020-05-27, Close, 1315.27"
"2020-05-28, Close, 1339.56"
"2020-05-29, Close, 1332.42"
"2020-06-01, Close, 1383.32"
"2020-06-02, Close, 1397.29"
"2020-06-03, Close, 1402.70"
"2020-06-04, Close, 1437.42"
"2020-06-05, Close, 1439.14"
"2020-06-08, Close, 1428.04"
"2020-06-09, Close, 1398.61"
"2020-06-10, Close, 1430.46"
"2020-06-11, Close, 1399.11"
"2020-06-12, Close, 1445.60"
"2020-06-15, Close, 1469.03"
"2020-06-16, Close, 1471.90"
"2020-06-17, Close, 1469.76"
"2020-06-18, Close, 1506.66"
"2020-06-19, Close, 1600.83"
"2020-06-22, Close, 1588.77"
"2020-06-23, Close, 1565.80"
"2020-06-24, Close, 1572.12"
"2020-06-25, Close, 1563.07"
"2020-06-26, Close, 1584.68"
"2020-06-29, Close, 1567.85"
"2020-06-30, Close, 1550.51"
"2020-07-01, Close, 1580.99"
"2020-07-02, Close, 1608.21"
"2020-07-03, Close, 1633.38"
"2020-07-06, Close, 1691.76"
"2020-07-07, Close, 1665.86"
"2020-07-08, Close, 1642.61"
"2020-07-09, Close, 1666.59"
"2020-07-10, Close, 1715.74"
"2020-07-13, Close, 1767.77"
"2020-07-14, Close, 1751.32"
"2020-07-15, Close, 1684.63"
"2020-07-16, Close, 1684.08"
"2020-07-17, Close, 1746.48"
"2020-07-20, Close, 1753.97"
"2020-07-21, Close, 1801.16"
"2020-07-22, Close, 1830.80"
"2020-07-23, Close, 1879.95"
"2020-07-24, Close, 1960.67"
"2020-07-27, Close, 1969.85"
"2020-07-28, Close, 1989.49"
"2020-07-29, Close, 1915.45"
"2020-07-30, Close, 1926.59"
"2020-07-31, Close, 1888.45"
"2020-08-03, Close, 1835.37"
"2020-08-04, Close, 1964.73"
"2020-08-05, Close, 1942.67"
"2020-08-06, Close, 1949.66"
"2020-08-07, Close, 1960.94"
"2020-08-10, Close, 1936.64"
"2020-08-11, Close, 1949.39"
"2020-08-12, Close, 1943.72"
"2020-08-13, Close, 1938.65"
"2020-08-14, Close, 1931.11"
"2020-08-17, Close, 1910.60"
"2020-08-18, Close, 1935.45"
"2020-08-19, Close, 1947.33"
"2020-08-20, Close, 1915.81"
"2020-08-21, Close, 1901.93"
"2020-08-24, Close, 1914.62"
"2020-08-25, Close, 1902.15"
"2020-08-26, Close, 1952.58"
"2020-08-27, Close, 1928.19"
"2020-08-28, Close, 1933.26"
"2020-08-31, Close, 1900.87"
"2020-09-01, Close, 1906.86"
"2020-09-02, Close, 1944.27"
"2020-09-03, Close, 1929.56"
"2020-09-04, Close, 1897.72"
"2020-09-07, Close, 1902.66"
"2020-09-08, Close, 1924.99"
"2020-09-09, Close, 1974.55"
"2020-09-10, Close, 2114.01"
"2020-09-10, Long CREATE, 2114.01"
"2020-09-11, BUY EXECUTED, Price: 2112.18, Cost: 2112.18, Comm 0.00"
"2020-09-11, Close, 2119.26"
"2020-09-14, Close, 2103.55"
"2020-09-15, Close, 2118.44"
"2020-09-16, Close, 2123.65"
"2020-09-17, Close, 2100.08"
"2020-09-18, Close, 2106.43"
"2020-09-21, Close, 2060.89"
"2020-09-22, Close, 2020.05"
"2020-09-22, SELL CREATE - close position, 2020.05"
"2020-09-23, SELL EXECUTED, Price: 2064.68, Cost: 2112.18, Comm 0.00"
"2020-09-23, OPERATION PROFIT, GROSS -47.50, NET -47.50"
"2020-09-23, Close, 2038.00"
"2020-09-24, Close, 1992.69"
"2020-09-25, Close, 2011.42"
"2020-09-28, Close, 2024.71"
"2020-09-29, Close, 2051.02"
"2020-09-30, Close, 2041.25"
"2020-10-01, Close, 2032.93"
"2020-10-05, Close, 2021.01"
"2020-10-06, Close, 2019.32"
"2020-10-07, Close, 2062.40"
"2020-10-08, Close, 2045.72"
"2020-10-09, Close, 2040.42"
"2020-10-12, Close, 2043.71"
"2020-10-13, Close, 2083.59"
"2020-10-14, Close, 2089.80"
"2020-10-15, Close, 2015.80"
"2020-10-16, Close, 1987.76"
"2020-10-19, Close, 1988.12"
"2020-10-20, Close, 1969.58"
"2020-10-21, Close, 1940.98"
"2020-10-22, Close, 1924.86"
"2020-10-23, Close, 1930.43"
"2020-10-26, Close, 1853.73"
"2020-10-27, Close, 1858.67"
"2020-10-28, Close, 1837.61"
"2020-10-29, Close, 1851.72"
"2020-10-30, Close, 1876.94"
"2020-11-02, Close, 1715.19"
"2020-11-03, Close, 1690.48"
"2020-11-04, Close, 1747.85"
"2020-11-05, Close, 1786.04"
"2020-11-06, Close, 1853.78"
"2020-11-09, Close, 1873.47"
"2020-11-10, Close, 1904.39"
"2020-11-11, Close, 1824.59"
"2020-11-12, Close, 1808.88"
"2020-11-13, Close, 1823.86"
"2020-11-14, Close, 1829.25"
"2020-11-17, Close, 1820.98"
"2020-11-18, Close, 1815.46"
"2020-11-19, Close, 1802.62"
"2020-11-20, Close, 1735.34"
"2020-11-23, Close, 1782.11"
"2020-11-24, Close, 1794.31"
"2020-11-25, Close, 1779.46"
"2020-11-26, Close, 1783.85"
"2020-11-27, Close, 1763.02"
"2020-12-01, Close, 1785.95"
"2020-12-02, Close, 1788.92"
"2020-12-03, Close, 1794.31"
"2020-12-04, Close, 1778.50"
"2020-12-07, Close, 1788.96"
"2020-12-08, Close, 1821.44"
"2020-12-09, Close, 1851.77"
"2020-12-10, Close, 1833.54"
"2020-12-11, Close, 1832.45"
"2020-12-14, Close, 1819.20"
"2020-12-15, Close, 1803.72"
"2020-12-16, Close, 1805.73"
"2020-12-17, Close, 1813.99"
"2020-12-18, Close, 1819.43"
"2020-12-21, Close, 1772.06"
"2020-12-22, Close, 1769.32"
"2020-12-23, Close, 1775.85"
"2020-12-24, Close, 1821.80"
"2020-12-28, Close, 1830.16"
"2020-12-29, Close, 1818.06"
"2020-12-30, Close, 1823.04"
"2020-12-31, Close, 1813.72"
"2021-01-01, Close, 1815.73"
"2021-01-04, Close, 1818.79"
"2021-01-05, Close, 1796.18"
"2021-01-06, Close, 1748.81"
"2021-01-07, Close, 1745.98"
"2021-01-08, Close, 1766.58"
"2021-01-11, Close, 1733.28"
"2021-01-12, Close, 1787.91"
"2021-01-13, Close, 1771.24"
"2021-01-14, Close, 1791.15"
"2021-01-15, Close, 1770.01"
"2021-01-18, Close, 1812.49"
"2021-01-19, Close, 1842.13"
"2021-01-20, Close, 1877.12"
"2021-01-21, Close, 1917.96"
"2021-01-22, Close, 1872.46"
"2021-01-25, Close, 1773.25"
"2021-01-27, Close, 1731.22"
"2021-01-28, Close, 1714.37"
"2021-01-29, Close, 1682.76"
"2021-02-01, Close, 1731.50"
"2021-02-02, Close, 1759.36"
"2021-02-03, Close, 1763.79"
"2021-02-04, Close, 1757.99"
"2021-02-05, Close, 1757.49"
"2021-02-08, Close, 1782.80"
"2021-02-09, Close, 1787.09"
"2021-02-10, Close, 1803.67"
"2021-02-11, Close, 1878.04"
"2021-02-12, Close, 1865.15"
"2021-02-15, Close, 1856.93"
"2021-02-16, Close, 1881.51"
"2021-02-17, Close, 1903.20"
"2021-02-18, Close, 1889.00"
"2021-02-19, Close, 1900.51"
"2021-02-22, Close, 1834.55"
"2021-02-23, Close, 1848.57"
"2021-02-24, Close, 1882.88"
"2021-02-25, Close, 1959.02"
"2021-02-26, Close, 1905.53"
"2021-03-01, Close, 1920.06"
"2021-03-02, Close, 1923.99"
"2021-03-03, Close, 2011.78"
"2021-03-04, Close, 1987.80"
"2021-03-05, Close, 1990.40"
"2021-03-08, Close, 2001.73"
"2021-03-09, Close, 2001.69"
"2021-03-10, Close, 1993.37"
"2021-03-12, Close, 1952.86"
"2021-03-15, Close, 1926.64"
"2021-03-16, Close, 1919.05"
"2021-03-17, Close, 1877.72"
"2021-03-18, Close, 1835.46"
"2021-03-19, Close, 1902.06"
"2021-03-22, Close, 1884.16"
"2021-03-23, Close, 1907.09"
"2021-03-24, Close, 1870.36"
"2021-03-25, Close, 1819.34"
"2021-03-26, Close, 1822.26"
"2021-03-30, Close, 1853.92"
"2021-03-31, Close, 1829.98"
"2021-04-01, Close, 1847.11"
"2021-04-05, Close, 1820.39"
"2021-04-06, Close, 1812.81"
"2021-04-07, Close, 1829.75"
"2021-04-08, Close, 1832.04"
"2021-04-09, Close, 1810.75"
"2021-04-12, Close, 1745.98"
"2021-04-13, Close, 1764.84"
"2021-04-15, Close, 1776.26"
"2021-04-16, Close, 1765.12"
"2021-04-19, Close, 1737.34"
"2021-04-20, Close, 1736.84"
"2021-04-22, Close, 1741.64"
"2021-04-23, Close, 1739.77"
"2021-04-26, Close, 1770.37"
"2021-04-27, Close, 1816.78"
"2021-04-28, Close, 1824.68"
"2021-04-29, Close, 1849.12"
"2021-04-30, Close, 1822.12"
"2021-05-03, Close, 1789.74"
"2021-05-04, Close, 1750.96"
"2021-05-05, Close, 1754.15"
"2021-05-06, Close, 1764.11"
"2021-05-07, Close, 1764.80"
"2021-05-10, Close, 1759.73"
"2021-05-11, Close, 1766.08"
"2021-05-12, Close, 1747.81"
"2021-05-14, Close, 1769.87"
"2021-05-17, Close, 1790.93"
"2021-05-18, Close, 1816.14"
"2021-05-19, Close, 1824.45"
"2021-05-20, Close, 1813.81"
"2021-05-21, Close, 1829.48"
"2021-05-24, Close, 1814.04"
"2021-05-25, Close, 1793.48"
"2021-05-26, Close, 1799.79"
"2021-05-27, Close, 1805.31"
"2021-05-28, Close, 1913.76"
"2021-05-31, Close, 1973.60"
"2021-06-01, Close, 1981.45"
"2021-06-02, Close, 2011.01"
"2021-06-03, Close, 2018.68"
"2021-06-04, Close, 2001.19"
"2021-06-07, Close, 2034.90"
"2021-06-08, Close, 2023.20"
"2021-06-09, Close, 1987.02"
"2021-06-10, Close, 1994.33"
"2021-06-11, Close, 2028.93"
"2021-06-14, Close, 2058.03"
"2021-06-15, Close, 2062.71"
"2021-06-16, Close, 2027.51"
"2021-06-17, Close, 2031.22"
"2021-06-18, Close, 2040.39"
"2021-06-21, Close, 2051.02"
"2021-06-22, Close, 2040.48"
"2021-06-23, Close, 2021.78"
"2021-06-24, Close, 1974.24"
"2021-06-25, Close, 1929.27"
"2021-06-28, Close, 1912.36"
"2021-06-29, Close, 1914.01"
"2021-06-30, Close, 1934.96"
"2021-07-01, Close, 1923.32"
"2021-07-02, Close, 1951.83"
"2021-07-05, Close, 1971.22"
"2021-07-06, Close, 1947.93"
"2021-07-07, Close, 1934.41"
"2021-07-08, Close, 1918.41"
"2021-07-09, Close, 1898.79"
"2021-07-12, Close, 1910.62"
"2021-07-13, Close, 1924.92"
"2021-07-14, Close, 1912.36"
"2021-07-15, Close, 1909.01"
"2021-07-16, Close, 1936.56"
"2021-07-19, Close, 1924.23"
"2021-07-20, Close, 1919.51"
"2021-07-22, Close, 1944.17"
"2021-07-23, Close, 1930.42"
"2021-07-26, Close, 1903.97"
"2021-07-27, Close, 1883.94"
"2021-07-28, Close, 1867.76"
"2021-07-29, Close, 1882.34"
"2021-07-30, Close, 1865.88"
"2021-08-02, Close, 1899.98"
"2021-08-03, Close, 1913.96"
"2021-08-04, Close, 1928.63"
"2021-08-05, Close, 1956.59"
"2021-08-06, Close, 1915.16"
"2021-08-09, Close, 1904.25"
"2021-08-10, Close, 1914.24"
"2021-08-11, Close, 1941.05"
"2021-08-12, Close, 1934.82"
"2021-08-13, Close, 1967.05"
"2021-08-16, Close, 1992.58"
"2021-08-17, Close, 1984.10"
"2021-08-18, Close, 1991.80"
"2021-08-20, Close, 1969.43"
"2021-08-23, Close, 1982.36"
"2021-08-24, Close, 2001.93"
"2021-08-25, Close, 2019.25"
"2021-08-26, Close, 2044.79"
"2021-08-27, Close, 2041.99"
"2021-08-30, Close, 2081.27"
"2021-08-31, Close, 2070.18"
"2021-09-01, Close, 2078.39"
"2021-09-02, Close, 2103.41"
"2021-09-03, Close, 2189.68"
"2021-09-06, Close, 2223.69"
"2021-09-07, Close, 2237.72"
"2021-09-08, Close, 2228.96"
"2021-09-09, Close, 2223.69"
"2021-09-13, Close, 2174.14"
"2021-09-14, Close, 2171.30"
"2021-09-15, Close, 2180.33"
"2021-09-16, Close, 2226.08"
"2021-09-17, Close, 2191.56"
"2021-09-20, Close, 2195.04"
"2021-09-21, Close, 2204.53"
"2021-09-22, Close, 2228.18"
"2021-09-23, Close, 2282.64"
"2021-09-24, Close, 2276.04"
"2021-09-27, Close, 2314.31"
"2021-09-28, Close, 2335.95"
"2021-09-29, Close, 2317.43"
"2021-09-30, Close, 2309.55"
"2021-10-01, Close, 2313.63"
"2021-10-04, Close, 2343.38"
"2021-10-05, Close, 2392.01"
"2021-10-06, Close, 2346.77"
"2021-10-07, Close, 2358.27"
"2021-10-08, Close, 2448.89"
"2021-10-11, Close, 2431.84"
"2021-10-12, Close, 2445.73"
"2021-10-13, Close, 2470.62"
"2021-10-14, Close, 2475.62"
"2021-10-18, Close, 2482.22"
"2021-10-19, Close, 2504.45"
"2021-10-20, Close, 2475.62"
"2021-10-21, Close, 2404.20"
"2021-10-22, Close, 2408.69"
"2021-10-25, Close, 2385.22"
"2021-10-26, Close, 2439.54"
"2021-10-27, Close, 2408.69"
"2021-10-28, Close, 2382.29"
"2021-10-29, Close, 2325.13"
"2021-11-01, Close, 2326.55"
"2021-11-02, Close, 2292.63"
"2021-11-03, Close, 2276.86"
"2021-11-04, Close, 2290.84"
"2021-11-08, Close, 2293.69"
"2021-11-09, Close, 2311.79"
"2021-11-10, Close, 2337.65"
"2021-11-11, Close, 2341.91"
"2021-11-12, Close, 2377.25"
"2021-11-15, Close, 2363.22"
"2021-11-16, Close, 2308.31"
"2021-11-17, Close, 2258.90"
"2021-11-18, Close, 2267.42"
"2021-11-22, Close, 2166.99"
"2021-11-23, Close, 2187.25"
"2021-11-24, Close, 2155.67"
"2021-11-25, Close, 2285.44"
"2021-11-26, Close, 2211.77"
"2021-11-29, Close, 2238.27"
"2021-11-30, Close, 2205.17"
"2021-12-01, Close, 2261.65"
"2021-12-02, Close, 2276.18"
"2021-12-03, Close, 2207.79"
"2021-12-06, Close, 2165.94"
"2021-12-07, Close, 2183.58"
"2021-12-08, Close, 2216.82"
"2021-12-09, Close, 2251.97"
"2021-12-10, Close, 2254.27"
"2021-12-13, Close, 2209.07"
"2021-12-14, Close, 2182.03"
"2021-12-15, Close, 2175.65"
"2021-12-16, Close, 2203.80"
"2021-12-17, Close, 2145.63"
"2021-12-20, Close, 2087.78"
"2021-12-21, Close, 2118.86"
"2021-12-22, Close, 2169.14"
"2021-12-23, Close, 2168.37"
"2021-12-24, Close, 2175.29"
"2021-12-27, Close, 2172.95"
"2021-12-28, Close, 2198.76"
"2021-12-29, Close, 2202.51"
"2021-12-30, Close, 2162.73"
"2021-12-31, Close, 2171.02"
"2022-01-03, Close, 2203.75"
"2022-01-04, Close, 2253.49"
"2022-01-05, Close, 2264.03"
"2022-01-06, Close, 2215.35"
"2022-01-07, Close, 2233.23"
"2022-01-10, Close, 2235.06"
"2022-01-11, Close, 2251.15"
"2022-01-12, Close, 2311.24"
"2022-01-13, Close, 2324.26"
"2022-01-14, Close, 2327.65"
"2022-01-17, Close, 2339.80"
"2022-01-18, Close, 2311.88"
"2022-01-19, Close, 2311.70"
"2022-01-20, Close, 2271.23"
"2022-01-21, Close, 2271.59"
"2022-01-24, Close, 2179.96"
"2022-01-25, Close, 2175.70"
"2022-01-27, Close, 2143.48"
"2022-01-28, Close, 2141.41"
"2022-01-31, Close, 2187.94"
"2022-02-01, Close, 2180.70"
"2022-02-02, Close, 2185.14"
"2022-02-03, Close, 2156.91"
"2022-02-04, Close, 2137.24"
"2022-02-07, Close, 2124.22"
"2022-02-08, Close, 2159.93"
"2022-02-09, Close, 2185.10"
"2022-02-10, Close, 2182.85"
"2022-02-11, Close, 2178.59"
"2022-02-14, Close, 2143.89"
"2022-02-15, Close, 2216.68"
"2022-02-16, Close, 2212.09"
"2022-02-17, Close, 2240.10"
"2022-02-18, Close, 2222.59"
"2022-02-21, Close, 2200.13"
"2022-02-22, Close, 2190.14"
"2022-02-23, Close, 2176.43"
"2022-02-24, Close, 2067.98"
"2022-02-25, Close, 2093.83"
"2022-02-28, Close, 2163.14"
"2022-03-02, Close, 2198.89"
"2022-03-03, Close, 2180.33"
"2022-03-04, Close, 2131.97"
"2022-03-07, Close, 2053.13"
"2022-03-08, Close, 2049.42"
"2022-03-09, Close, 2158.14"
"2022-03-10, Close, 2193.12"
"2022-03-11, Close, 2199.44"
"2022-03-14, Close, 2217.50"
"2022-03-15, Close, 2166.72"
"2022-03-16, Close, 2203.29"
"2022-03-17, Close, 2275.12"
"2022-03-21, Close, 2262.01"
"2022-03-22, Close, 2320.46"
"2022-03-23, Close, 2327.84"
"2022-03-24, Close, 2364.00"
"2022-03-25, Close, 2379.77"
"2022-03-28, Close, 2403.70"
"2022-03-29, Close, 2404.25"
"2022-03-30, Close, 2450.45"
"2022-03-31, Close, 2415.43"
"2022-04-01, Close, 2434.78"
"2022-04-04, Close, 2441.97"
"2022-04-05, Close, 2407.46"
"2022-04-06, Close, 2401.04"
"2022-04-07, Close, 2358.68"
"2022-04-08, Close, 2397.92"
"2022-04-11, Close, 2392.93"
"2022-04-12, Close, 2347.87"
"2022-04-13, Close, 2339.25"
"2022-04-18, Close, 2332.10"
"2022-04-19, Close, 2420.98"
"2022-04-20, Close, 2492.16"
"2022-04-21, Close, 2550.52"
"2022-04-22, Close, 2529.16"
"2022-04-25, Close, 2470.67"
"2022-04-26, Close, 2544.60"
"2022-04-27, Close, 2547.08"
"2022-04-28, Close, 2585.12"
"2022-04-29, Close, 2557.99"
"2022-05-02, Close, 2549.00"
"2022-05-04, Close, 2469.43"
"2022-05-05, Close, 2421.07"
"2022-05-06, Close, 2402.51"
"2022-05-09, Close, 2308.68"
"2022-05-10, Close, 2268.66"
"2022-05-11, Close, 2245.42"
"2022-05-12, Close, 2199.67"
"2022-05-13, Close, 2224.61"
"2022-05-16, Close, 2225.16"
"2022-05-17, Close, 2318.62"
"2022-05-18, Close, 2327.06"
"2022-05-19, Close, 2273.43"
"2022-05-20, Close, 2405.99"
"2022-05-23, Close, 2389.90"
"2022-05-24, Close, 2398.11"
"2022-05-25, Close, 2394.58"
"2022-05-26, Close, 2371.75"
"2022-05-27, Close, 2360.75"
"2022-05-30, Close, 2442.98"
"2022-05-31, Close, 2413.51"
"2022-06-01, Close, 2414.29"
"2022-06-02, Close, 2497.53"
"2022-06-03, Close, 2548.13"
"2022-06-06, Close, 2537.18"
"2022-06-07, Close, 2541.95"
"2022-06-08, Close, 2497.30"
"2022-06-09, Close, 2565.78"
"2022-06-10, Close, 2488.31"
"2022-06-13, Close, 2441.24"
"2022-06-14, Close, 2409.34"
"2022-06-15, Close, 2380.18"
"2022-06-16, Close, 2346.90"
"2022-06-17, Close, 2374.41"
"2022-06-20, Close, 2331.37"
"2022-06-21, Close, 2369.00"
"2022-06-22, Close, 2297.03"
"2022-06-23, Close, 2259.77"
"2022-06-24, Close, 2291.94"
"2022-06-27, Close, 2285.16"
"2022-06-28, Close, 2317.29"
"2022-06-29, Close, 2365.38"
"2022-06-30, Close, 2379.59"
"2022-07-01, Close, 2208.20"
"2022-07-04, Close, 2212.78"
"2022-07-05, Close, 2230.71"
"2022-07-06, Close, 2211.09"
"2022-07-07, Close, 2189.31"
"2022-07-08, Close, 2192.34"
"2022-07-11, Close, 2222.13"
"2022-07-12, Close, 2218.97"
"2022-07-13, Close, 2179.64"
"2022-07-14, Close, 2197.61"
"2022-07-15, Close, 2201.87"
"2022-07-18, Close, 2220.62"
"2022-07-19, Close, 2234.23"
"2022-07-20, Close, 2294.65"
"2022-07-21, Close, 2279.34"
"2022-07-22, Close, 2294.74"
"2022-07-25, Close, 2218.92"
"2022-07-26, Close, 2219.93"
"2022-07-27, Close, 2217.82"
"2022-07-28, Close, 2252.57"
"2022-07-29, Close, 2300.56"
"2022-08-01, Close, 2360.52"
"2022-08-02, Close, 2369.50"
"2022-08-03, Close, 2389.40"
"2022-08-04, Close, 2357.81"
"2022-08-05, Close, 2323.07"
"2022-08-08, Close, 2353.46"
"2022-08-10, Close, 2367.53"
"2022-08-11, Close, 2375.42"
"2022-08-12, Close, 2413.83"
"2022-08-16, Close, 2430.60"
"2022-08-17, Close, 2443.30"
"2022-08-18, Close, 2447.73"
"2022-08-19, Close, 2404.09"
"2022-08-22, Close, 2397.42"
"2022-08-23, Close, 2434.40"
"2022-08-24, Close, 2427.91"
"2022-08-25, Close, 2420.83"
"2022-08-26, Close, 2407.91"
"2022-08-29, Close, 2389.19"
"2022-08-30, Close, 2426.26"
"2022-09-01, Close, 2354.93"
"2022-09-02, Close, 2327.43"
"2022-09-05, Close, 2363.58"
"2022-09-06, Close, 2388.45"
"2022-09-07, Close, 2374.57"
"2022-09-08, Close, 2377.92"
"2022-09-09, Close, 2363.12"
"2022-09-12, Close, 2389.56"
"2022-09-13, Close, 2409.52"
"2022-09-14, Close, 2380.64"
"2022-09-15, Close, 2357.05"
"2022-09-16, Close, 2298.64"
"2022-09-19, Close, 2301.63"
"2022-09-20, Close, 2302.00"
"2022-09-21, Close, 2308.34"
"2022-09-22, Close, 2286.59"
"2022-09-23, Close, 2243.73"
"2022-09-26, Close, 2186.57"
"2022-09-27, Close, 2203.95"
"2022-09-28, Close, 2145.27"
"2022-09-29, Close, 2138.70"
"2022-09-30, Close, 2186.94"
"2022-10-03, Close, 2179.35"
"2022-10-04, Close, 2219.54"
"2022-10-06, Close, 2227.73"
"2022-10-07, Close, 2237.16"
"2022-10-10, Close, 2212.74"
"2022-10-11, Close, 2168.68"
"2022-10-12, Close, 2184.64"
"2022-10-13, Close, 2191.58"
"2022-10-14, Close, 2180.45"
"2022-10-17, Close, 2215.45"
"2022-10-18, Close, 2254.54"
"2022-10-19, Close, 2293.77"
"2022-10-20, Close, 2299.93"
"2022-10-21, Close, 2273.26"
"2022-10-24, Close, 2280.84"
"2022-10-25, Close, 2245.62"
"2022-10-27, Close, 2254.45"
"2022-10-28, Close, 2323.43"
"2022-10-31, Close, 2345.00"
"2022-11-01, Close, 2326.83"
"2022-11-02, Close, 2341.36"
"2022-11-03, Close, 2350.10"
"2022-11-04, Close, 2384.68"
"2022-11-07, Close, 2397.42"
"2022-11-09, Close, 2395.03"
"2022-11-10, Close, 2366.06"
"2022-11-11, Close, 2420.60"
"2022-11-14, Close, 2408.87"
"2022-11-15, Close, 2398.07"
"2022-11-16, Close, 2384.32"
"2022-11-17, Close, 2390.48"
"2022-11-18, Close, 2389.19"
"2022-11-21, Close, 2346.19"
"2022-11-22, Close, 2359.21"
"2022-11-23, Close, 2351.85"
"2022-11-24, Close, 2372.13"
"2022-11-25, Close, 2407.54"
"2022-11-28, Close, 2490.27"
"2022-11-29, Close, 2494.55"
"2022-11-30, Close, 2512.16"
"2022-12-01, Close, 2504.76"
"2022-12-02, Close, 2503.70"
"2022-12-05, Close, 2467.19"
"2022-12-06, Close, 2474.31"
"2022-12-07, Close, 2437.80"
"2022-12-08, Close, 2436.65"
"2022-12-09, Close, 2399.72"
"2022-12-12, Close, 2403.40"
"2022-12-13, Close, 2414.35"
"2022-12-14, Close, 2405.61"
"2022-12-15, Close, 2371.44"
"2022-12-16, Close, 2359.71"
"2022-12-19, Close, 2390.71"
"2022-12-20, Close, 2411.40"
"2022-12-21, Close, 2377.10"
"2022-12-22, Close, 2370.93"
"2022-12-23, Close, 2301.40"
"2022-12-26, Close, 2321.50"
"2022-12-27, Close, 2340.49"
"2022-12-28, Close, 2340.26"
"2022-12-29, Close, 2339.20"
"2022-12-30, Close, 2342.79"
"2023-01-02, Close, 2369.19"
"2023-01-03, Close, 2351.85"
"2023-01-04, Close, 2316.44"
"2023-01-05, Close, 2312.30"
"2023-01-06, Close, 2333.32"
"2023-01-09, Close, 2388.41"
"2023-01-10, Close, 2353.09"
"2023-01-11, Close, 2323.43"
"2023-01-12, Close, 2273.26"
"2023-01-13, Close, 2269.58"
"2023-01-16, Close, 2247.96"
"2023-01-17, Close, 2279.88"
"2023-01-18, Close, 2276.11"
"2023-01-19, Close, 2273.67"
"2023-01-20, Close, 2246.63"
"2023-01-23, Close, 2235.27"
"2023-01-24, Close, 2222.07"
"2023-01-25, Close, 2191.35"
"2023-01-27, Close, 2149.78"
"2023-01-30, Close, 2170.38"
"2023-01-31, Close, 2164.96"
"2023-02-01, Close, 2152.12"
"2023-02-02, Close, 2140.21"
"2023-02-03, Close, 2142.10"
"2023-02-06, Close, 2125.96"
"2023-02-07, Close, 2120.85"
"2023-02-08, Close, 2163.21"
"2023-02-09, Close, 2166.98"
"2023-02-10, Close, 2149.14"
"2023-02-13, Close, 2136.90"
"2023-02-14, Close, 2187.26"
"2023-02-15, Close, 2236.79"
"2023-02-16, Close, 2235.04"
"2023-02-17, Close, 2244.38"
"2023-02-20, Close, 2220.65"
"2023-02-21, Close, 2238.77"
"2023-02-22, Close, 2187.99"
"2023-02-23, Close, 2177.51"
"2023-02-24, Close, 2192.41"
"2023-02-27, Close, 2177.83"
"2023-02-28, Close, 2136.17"
"2023-03-01, Close, 2155.80"
"2023-03-02, Close, 2139.39"
"2023-03-03, Close, 2193.97"
"2023-03-06, Close, 2215.40"
"2023-03-08, Close, 2223.36"
"2023-03-09, Close, 2169.92"
"2023-03-10, Close, 2136.30"
"2023-03-13, Close, 2101.17"
"2023-03-14, Close, 2093.31"
"2023-03-15, Close, 2057.53"
"2023-03-16, Close, 2047.27"
"2023-03-17, Close, 2044.70"
"2023-03-20, Close, 2024.60"
"2023-03-21, Close, 2087.56"
"2023-03-22, Close, 2093.90"
"2023-03-23, Close, 2067.42"
"2023-03-24, Close, 2026.49"
"2023-03-27, Close, 2057.99"
"2023-03-28, Close, 2067.60"
"2023-03-29, Close, 2055.37"
"2023-03-31, Close, 2143.98"
"2023-04-03, Close, 2144.35"
"2023-04-05, Close, 2139.20"
"2023-04-06, Close, 2153.55"
"2023-04-10, Close, 2138.28"
"2023-04-11, Close, 2148.86"
"2023-04-12, Close, 2158.33"
"2023-04-13, Close, 2166.47"
"2023-04-17, Close, 2177.46"
"2023-04-18, Close, 2152.54"
"2023-04-19, Close, 2163.25"
"2023-04-20, Close, 2157.78"
"2023-04-21, Close, 2160.49"
"2023-04-24, Close, 2168.77"
"2023-04-25, Close, 2185.37"
"2023-04-26, Close, 2172.54"
"2023-04-27, Close, 2186.29"
"2023-04-28, Close, 2226.26"
"2023-05-02, Close, 2245.16"
"2023-05-03, Close, 2225.89"
"2023-05-04, Close, 2251.55"
"2023-05-05, Close, 2245.80"
"2023-05-08, Close, 2273.53"
"2023-05-09, Close, 2280.57"
"2023-05-10, Close, 2296.25"
"2023-05-11, Close, 2281.26"
"2023-05-12, Close, 2284.98"
"2023-05-15, Close, 2289.49"
"2023-05-16, Close, 2256.88"
"2023-05-17, Close, 2243.55"
"2023-05-18, Close, 2238.72"
"2023-05-19, Close, 2245.99"
"2023-05-22, Close, 2257.99"
"2023-05-23, Close, 2257.57"
"2023-05-24, Close, 2244.42"
"2023-05-25, Close, 2244.15"
"2023-05-26, Close, 2305.36"
"2023-05-29, Close, 2318.32"
"2023-05-30, Close, 2317.73"
"2023-05-31, Close, 2271.69"
"2023-06-01, Close, 2265.58"
"2023-06-02, Close, 2258.17"
"2023-06-05, Close, 2278.45"
"2023-06-06, Close, 2280.38"
"2023-06-07, Close, 2297.68"
"2023-06-08, Close, 2299.05"
"2023-06-09, Close, 2282.78"
"2023-06-12, Close, 2284.80"
"2023-06-13, Close, 2318.55"
"2023-06-14, Close, 2347.07"
"2023-06-15, Close, 2347.71"
"2023-06-16, Close, 2370.57"
"2023-06-19, Close, 2347.02"
"2023-06-20, Close, 2351.89"
"2023-06-21, Close, 2358.52"
"2023-06-22, Close, 2332.03"
"2023-06-23, Close, 2312.94"
"2023-06-26, Close, 2295.28"
"2023-06-27, Close, 2296.11"
"2023-06-28, Close, 2326.51"
"2023-06-30, Close, 2345.59"
"2023-07-03, Close, 2405.79"
"2023-07-04, Close, 2381.00"
"2023-07-05, Close, 2377.10"
"2023-07-06, Close, 2426.99"
"2023-07-07, Close, 2422.26"
"2023-07-10, Close, 2515.56"
"2023-07-11, Close, 2542.83"
"2023-07-12, Close, 2545.64"
"2023-07-13, Close, 2522.88"
"2023-07-14, Close, 2520.76"
"2023-07-17, Close, 2572.27"
"2023-07-18, Close, 2594.11"
"2023-07-19, Close, 2613.79"
"2023-07-20, Close, 2610.63"
"2023-07-21, Close, 2529.81"
"2023-07-24, Close, 2478.64"
"2023-07-25, Close, 2477.05"
"2023-07-26, Close, 2517.31"
"2023-07-27, Close, 2493.89"
"2023-07-28, Close, 2518.95"
"2023-07-31, Close, 2540.28"
"2023-08-01, Close, 2504.35"
"2023-08-02, Close, 2477.60"
"2023-08-03, Close, 2467.18"
"2023-08-04, Close, 2500.72"
"2023-08-07, Close, 2514.97"
"2023-08-08, Close, 2499.82"
"2023-08-09, Close, 2516.31"
"2023-08-10, Close, 2527.52"
"2023-08-11, Close, 2538.18"
"2023-08-14, Close, 2568.18"
"2023-08-16, Close, 2566.09"
"2023-08-17, Close, 2529.07"
"2023-08-18, Close, 2547.80"
"2023-08-21, Close, 2520.00"
"2023-08-22, Close, 2519.40"
"2023-08-23, Close, 2522.20"
"2023-08-24, Close, 2479.80"
"2023-08-25, Close, 2468.35"
"2023-08-28, Close, 2443.75"
"2023-08-29, Close, 2420.35"
"2023-08-30, Close, 2418.05"
"2023-08-31, Close, 2407.00"
"2023-09-01, Close, 2412.65"
"2023-09-04, Close, 2410.70"
"2023-09-05, Close, 2423.60"
"2023-09-06, Close, 2428.70"
"2023-09-07, Close, 2432.00"
"2023-09-08, Close, 2448.20"
"2023-09-11, Close, 2474.60"
"2023-09-12, Close, 2438.85"
"2023-09-13, Close, 2451.05"
"2023-09-14, Close, 2453.30"
"2023-09-15, Close, 2457.85"
"2023-09-18, Close, 2436.45"
"2023-09-20, Close, 2382.15"
"2023-09-21, Close, 2364.80"
"2023-09-22, Close, 2354.95"
"2023-09-25, Close, 2340.45"
"2023-09-26, Close, 2342.50"
"2023-09-27, Close, 2368.90"
"2023-09-28, Close, 2334.10"
"2023-09-29, Close, 2345.00"
"2023-10-03, Close, 2318.15"
"2023-10-04, Close, 2314.15"
"2023-10-05, Close, 2314.10"
"2023-10-06, Close, 2318.00"
"2023-10-09, Close, 2298.25"
"2023-10-10, Close, 2308.40"
"2023-10-11, Close, 2345.05"
"2023-10-12, Close, 2349.40"
"2023-10-13, Close, 2349.30"
"2023-10-16, Close, 2344.05"
"2023-10-17, Close, 2355.25"
"2023-10-18, Close, 2324.00"
"2023-10-19, Close, 2306.15"
"2023-10-20, Close, 2299.10"
"2023-10-23, Close, 2263.20"
"2023-10-25, Close, 2257.95"
"2023-10-26, Close, 2226.50"
"2023-10-27, Close, 2265.80"
"2023-10-30, Close, 2312.50"
"2023-10-31, Close, 2287.90"
"2023-11-01, Close, 2297.40"
"2023-11-02, Close, 2320.20"
"2023-11-03, Close, 2319.70"
"2023-11-06, Close, 2339.00"
"2023-11-07, Close, 2323.80"
"2023-11-08, Close, 2335.90"
"2023-11-09, Close, 2310.55"
"2023-11-10, Close, 2314.90"
"2023-11-13, Close, 2314.60"
"2023-11-15, Close, 2356.45"
"2023-11-16, Close, 2360.70"
"2023-11-17, Close, 2355.55"
"2023-11-20, Close, 2349.35"
"2023-11-21, Close, 2378.90"
"2023-11-22, Close, 2388.20"
"2023-11-23, Close, 2395.50"
"2023-11-24, Close, 2393.90"
"2023-11-28, Close, 2394.40"
"2023-11-29, Close, 2400.70"
"2023-11-30, Close, 2377.45"
"2023-12-01, Close, 2394.30"
"2023-12-04, Close, 2420.20"
"2023-12-05, Close, 2437.75"
"2023-12-06, Close, 2461.10"
"2023-12-07, Close, 2457.05"
"2023-12-08, Close, 2455.75"
"2023-12-11, Close, 2459.35"
"2023-12-12, Close, 2424.05"
"2023-12-13, Close, 2433.95"
"2023-12-14, Close, 2464.15"
"2023-12-15, Close, 2495.60"
"2023-12-18, Close, 2521.00"
"2023-12-19, Close, 2558.10"
"2023-12-20, Close, 2527.15"
"2023-12-21, Close, 2562.55"
"2023-12-22, Close, 2565.05"
"2023-12-26, Close, 2578.05"
"2023-12-27, Close, 2586.85"
"2023-12-28, Close, 2605.55"
"2023-12-29, Close, 2584.95"
"2024-01-01, Close, 2590.25"
"2024-01-02, Close, 2611.70"
"2024-01-03, Close, 2583.30"
"2024-01-04, Close, 2596.65"
"2024-01-05, Close, 2607.70"
"2024-01-08, Close, 2587.35"
"2024-01-09, Close, 2580.50"
"2024-01-10, Close, 2650.10"
"2024-01-11, Close, 2719.80"
"2024-01-12, Close, 2741.45"
"2024-01-15, Close, 2788.25"
"2024-01-16, Close, 2749.25"
"2024-01-17, Close, 2723.15"
"2024-01-18, Close, 2735.90"
"2024-01-19, Close, 2734.90"
"2024-01-23, Close, 2657.15"
"2024-01-24, Close, 2687.75"
"2024-01-25, Close, 2706.15"
"2024-01-29, Close, 2896.10"
"2024-01-30, Close, 2815.25"
"2024-01-31, Close, 2853.25"
"2024-02-01, Close, 2853.30"
"2024-02-02, Close, 2915.40"
"2024-02-05, Close, 2878.05"
"2024-02-06, Close, 2855.60"
"2024-02-07, Close, 2884.30"
"2024-02-08, Close, 2900.25"
"2024-02-09, Close, 2921.50"
"2024-02-12, Close, 2904.70"
"2024-02-13, Close, 2930.20"
"2024-02-14, Close, 2962.75"
"2024-02-15, Close, 2941.20"
"2024-02-16, Close, 2921.15"
"2024-02-19, Close, 2948.00"
"2024-02-20, Close, 2942.05"
"2024-02-21, Close, 2935.40"
"2024-02-22, Close, 2963.50"
"2024-02-23, Close, 2987.25"
"2024-02-26, Close, 2974.65"
"2024-02-27, Close, 2971.30"
"2024-02-28, Close, 2911.25"
"2024-02-29, Close, 2921.60"
"2024-03-01, Close, 2984.25"
"2024-03-04, Close, 3014.80"
"2024-03-05, Close, 3000.40"
"2024-03-06, Close, 3006.00"
"2024-03-07, Close, 2957.85"
"2024-03-11, Close, 2933.20"
"2024-03-12, Close, 2950.85"
"2024-03-13, Close, 2864.35"
"2024-03-13, Short CREATE, 2864.35"
"2024-03-14, SELL EXECUTED, Price: 2879.40, Cost: -2879.40, Comm 0.00"
"2024-03-14, Close, 2862.95"
"2024-03-15, Close, 2836.45"
"2024-03-18, Close, 2878.95"
"2024-03-19, Close, 2850.50"
"2024-03-20, Close, 2887.50"
"2024-03-21, Close, 2901.95"
"2024-03-22, Close, 2910.05"
"2024-03-22, BUY CREATE - close position, 2910.05"
"2024-03-26, BUY EXECUTED, Price: 2890.00, Cost: -2879.40, Comm 0.00"
"2024-03-26, OPERATION PROFIT, GROSS -10.60, NET -10.60"
"2024-03-26, Close, 2883.15"
"2024-03-27, Close, 2985.70"
"2024-03-28, Close, 2971.70"
"2024-04-01, Close, 2969.55"
"2024-04-02, Close, 2973.90"
"2024-04-03, Close, 2943.20"
"2024-04-04, Close, 2925.85"
"2024-04-05, Close, 2920.20"
"2024-04-08, Close, 2971.95"
"2024-04-09, Close, 2927.30"
"2024-04-10, Close, 2959.15"
"2024-04-12, Close, 2934.30"
"2024-04-15, Close, 2929.65"
"2024-04-16, Close, 2931.50"
"2024-04-18, Close, 2928.65"
"2024-04-19, Close, 2940.25"
"2024-04-22, Close, 2959.70"
"2024-04-23, Close, 2918.65"
"2024-04-24, Close, 2900.35"
"2024-04-25, Close, 2919.95"
"2024-04-26, Close, 2905.10"
"2024-04-29, Close, 2930.05"
